
{
  "tl": [42.302969, -83.704910],
  "bl": [42.302297, -83.704910],
  "tr": [42.302969, -83.703864],
  "br": [42.302297, -83.703864]
}