{
    "tl": [42.2780125, -83.6995175],
    "bl": [42.2771277, -83.6995175],
    "tr": [42.2780125, -83.6983189],
    "br": [42.2771277, -83.6983189]
  }