{
  "tl": [
    38.95557159362663,
    -77.14994411318385
  ],
  "bl": [
    38.9546027439753,
    -77.14994411318385
  ],
  "tr": [
    38.95557159362663,
    -77.14851717798793
  ],
  "br": [
    38.9546027439753,
    -77.14851717798793
  ]
}