{
    "tl": [42.264538, -83.750669],
    "bl": [42.263859, -83.750669],
    "tr": [42.264538, -83.749761],
    "br": [42.263859, -83.749761]
  }