{
    "tl": [42.299421, -83.717003],
    "bl": [42.298968, -83.717003],
    "tr": [42.299421, -83.716366],
    "br": [42.298968, -83.716366]
  }