{
    "tl": [42.30394563214351, -83.69807290621783],
    "bl": [42.303507724245954, -83.69807290621783],
    "tr": [42.30394563214351, -83.69743319939856],
    "br": [42.303507724245954, -83.69743319939856]
  }