{
    "tl": [42.299578, -83.717320],
    "bl": [42.298805, -83.717320],
    "tr": [42.299578, -83.716071],
    "br": [42.298805, -83.716071]
  }