{
    "tl": [42.300606, -83.714878],
    "bl": [42.300148, -83.714878],
    "tr": [42.300606, -83.714260],
    "br": [42.300148, -83.714260]
  }