{
    "tl": [42.302679, -83.710322],
    "bl": [42.302254, -83.710322],
    "tr": [42.302679, -83.709709],
    "br": [42.302254, -83.709709]
  }