{
  "tl": [42.230199, -83.740188],
  "bl": [42.228527, -83.740190],
  "tr": [42.230201, -83.737936],
  "br": [42.228531, -83.737933]
}