{
  "tl": [42.229958579496426, -83.73973163834006],
  "bl": [42.22888073239718, -83.73971056603902],
  "tr": [42.22997231079157, -83.7382180039336],
  "br": [42.22885076828884, -83.73821760484978]
}